poll_id,label,accepted,committee,url
5957,Lockerung der Schuldenbremse,True,Haushaltsausschuss,https://www.abgeordnetenwatch.de/bundestag/20/abstimmungen/lockerung-der-schuldenbremse
5871,Verlässliches Hilfesystem bei geschlechtsspezifischer und häuslicher Gewalt ,True,"Ausschuss für Familie, Senioren, Frauen und Jugend",https://www.abgeordnetenwatch.de/bundestag/20/abstimmungen/verlaessliches-hilfesystem-bei-geschlechtsspezifischer-und-haeuslicher-gewalt
5868,Verlängerung des Bundeswehreinsatzes EUNAVFOR MED IRINI im Mittelmeer,True,Auswärtiger Ausschuss,https://www.abgeordnetenwatch.de/bundestag/20/abstimmungen/verlaengerung-des-bundeswehreinsatzes-eunavfor-med-irini-im-mittelmeer
5867,Verlängerung des Bundeswehreinsatzes UNMISS im Südsudan,True,Auswärtiger Ausschuss,https://www.abgeordnetenwatch.de/bundestag/20/abstimmungen/verlaengerung-des-bundeswehreinsatzes-unmiss-im-suedsudan
5865,"Entschließungsantrag ""27 Maßnahmen zur Stärkung innerer Sicherheit""",False,,https://www.abgeordnetenwatch.de/bundestag/20/abstimmungen/entschliessungsantrag-27-massnahmen-zur-staerkung-innerer-sicherheit
5864,Zustrombegrenzungsgesetz,False,Ausschuss für Inneres und Heimat,https://www.abgeordnetenwatch.de/bundestag/20/abstimmungen/zustrombegrenzungsgesetz
5861,"Entschließungsantrag ""Fünf-Punkte-Plan"" zur Migrationspolitik",True,,https://www.abgeordnetenwatch.de/bundestag/20/abstimmungen/entschliessungsantrag-fuenf-punkte-plan-zur-migrationspolitik
5860,Verlängerung des Bundeswehreinsatzes EUNAVFOR ASPIDES im Roten Meer,True,Auswärtiger Ausschuss,https://www.abgeordnetenwatch.de/bundestag/20/abstimmungen/verlaengerung-des-bundeswehreinsatzes-eunavfor-aspides-im-roten-meer
5859,Verlängerung des Bundeswehreinsatzes SEA GUARDIAN im Mittelmeer,True,Auswärtiger Ausschuss,https://www.abgeordnetenwatch.de/bundestag/20/abstimmungen/verlaengerung-des-bundeswehreinsatzes-sea-guardian-im-mittelmeer-1
5841,Regelungen zum Bundesverfassungsgericht ins Grundgesetz,True,Rechtsausschuss,https://www.abgeordnetenwatch.de/bundestag/20/abstimmungen/regelungen-zum-bundesverfassungsgericht-ins-grundgesetz
5829,Vertrauensfrage des Bundeskanzlers,False,,https://www.abgeordnetenwatch.de/bundestag/20/abstimmungen/vertrauensfrage-des-bundeskanzlers
5779,Abstimmungen zum Sicherheitspaket,True,Ausschuss für Inneres und Heimat,https://www.abgeordnetenwatch.de/bundestag/20/abstimmungen/abstimmungen-zum-sicherheitspaket
5777,Gesetzentwurf zum Krankenhausversorgungsverbesserungsgesetz,True,Gesundheitsausschuss,https://www.abgeordnetenwatch.de/bundestag/20/abstimmungen/gesetzentwurf-zum-krankenhausversorgungsverbesserungsgesetz
5774,Aufhebung des Lieferkettensorgfaltspflichtengesetzes,False,Ausschuss für Arbeit und Soziales,https://www.abgeordnetenwatch.de/bundestag/20/abstimmungen/aufhebung-des-lieferkettensorgfaltspflichtengesetzes
5773,Fortsetzung des Einsatzes bewaffneter deutscher Streitkräfte im Irak,True,Auswärtiger Ausschuss,https://www.abgeordnetenwatch.de/bundestag/20/abstimmungen/fortsetzung-des-einsatzes-bewaffneter-deutscher-streitkraefte-im-irak
5628,Änderung des Schwangerschaftskonfliktgesetzes,True,"Ausschuss für Familie, Senioren, Frauen und Jugend",https://www.abgeordnetenwatch.de/bundestag/20/abstimmungen/aenderung-des-schwangerschaftskonfliktgesetzes
5604,Verlängerung der Bundeswehrbeteiligung im Libanon (UNIFIL),True,Auswärtiger Ausschuss,https://www.abgeordnetenwatch.de/bundestag/20/abstimmungen/verlaengerung-der-bundeswehrbeteiligung-im-libanon-unifil
5603,Weitere Beteiligung der Bundeswehr an der EU-geführten Sicherheitsoperation in Bosnien und Herzegowina (EUFOR ALTHEA),True,Auswärtiger Ausschuss,https://www.abgeordnetenwatch.de/bundestag/20/abstimmungen/weitere-beteiligung-der-bundeswehr-an-der-eu-gefuehrten-sicherheitsoperation-in-bosnien-und-herzegowina-eufor-althea
5602,Verlängerung des Bundeswehreinsatzes im Kosovo (KFOR 2024/2025),True,Auswärtiger Ausschuss,https://www.abgeordnetenwatch.de/bundestag/20/abstimmungen/verlaengerung-des-bundeswehreinsatzes-im-kosovo-kfor-2024/2025
5593,Zweite Beratung zur Aufhebung des Lieferkettengesetzes ohne Beratung in den Ausschüssen,False,,https://www.abgeordnetenwatch.de/bundestag/20/abstimmungen/zweite-beratung-zur-aufhebung-des-lieferkettengesetzes-ohne-beratung-in-den-ausschuessen
5592,"Ablehnung eines Antrags zum Verbot des Vereins ""Muslim Interaktiv""",True,Ausschuss für Inneres und Heimat,https://www.abgeordnetenwatch.de/bundestag/20/abstimmungen/ablehnung-eines-antrags-zum-verbot-des-vereins-muslim-interaktiv
5591,Konsequenzen aus der tödlichen Messerattacke in Mannheim,False,,https://www.abgeordnetenwatch.de/bundestag/20/abstimmungen/konsequenzen-aus-der-toedlichen-messerattacke-in-mannheim
5570,Ablehnung eines Antrags zur Bekämpfung der Gefahr durch den politischen Islam ,True,Ausschuss für Inneres und Heimat,https://www.abgeordnetenwatch.de/bundestag/20/abstimmungen/ablehnung-eines-antrags-zur-bekaempfung-der-gefahr-durch-den-politischen-islam
5569,Verbesserung des Klimaschutzes beim Immissionsschutz,True,"Ausschuss für Umwelt, Naturschutz, nukleare Sicherheit und Verbraucherschutz",https://www.abgeordnetenwatch.de/bundestag/20/abstimmungen/verbesserung-des-klimaschutzes-beim-immissionsschutz
5568,Keine Ab­schaf­fung des Solidaritäts­zuschlags,True,Finanzausschuss,https://www.abgeordnetenwatch.de/bundestag/20/abstimmungen/keine-ab-schaf-fung-des-solidaritaets-zuschlags
5540,Keine Ablehnung des WHO-Pandemievertrags,True,Gesundheitsausschuss,https://www.abgeordnetenwatch.de/bundestag/20/abstimmungen/keine-ablehnung-des-who-pandemievertrags
5522,Änderung des Erneuerbare-Energien-Gesetzes,True,Ausschuss für Klimaschutz und Energie,https://www.abgeordnetenwatch.de/bundestag/20/abstimmungen/aenderung-des-erneuerbare-energien-gesetzes-0
5507,Verlängerung des Bundeswehreinsatzes im Mittelmeer (EUNAVFOR MED IRINI),True,Auswärtiger Ausschuss,https://www.abgeordnetenwatch.de/bundestag/20/abstimmungen/verlaengerung-des-bundeswehreinsatzes-im-mittelmeer-eunavfor-med-irini
5496,Selbstbestimmungsgesetz,True,"Ausschuss für Familie, Senioren, Frauen und Jugend",https://www.abgeordnetenwatch.de/bundestag/20/abstimmungen/selbstbestimmungsgesetz
5489,Änderung des Energiewirtschaftsgesetzes,True,Ausschuss für Klimaschutz und Energie,https://www.abgeordnetenwatch.de/bundestag/20/abstimmungen/aenderung-des-energiewirtschaftsgesetzes
5469,Forderung nach Steuervergünstigung für Agrardiesel ablehnen,True,Finanzausschuss,https://www.abgeordnetenwatch.de/bundestag/20/abstimmungen/forderung-nach-steuerverguenstigung-fuer-agrardiesel-ablehnen
5466,Verlängerung des Bundeswehreinsatzes SEA GUARDIAN im Mittelmeer,True,Auswärtiger Ausschuss,https://www.abgeordnetenwatch.de/bundestag/20/abstimmungen/verlaengerung-des-bundeswehreinsatzes-sea-guardian-im-mittelmeer-0
5465,Verlängerung des Bundes­wehreinsatzes in Südsudan (UNMISS),True,Auswärtiger Ausschuss,https://www.abgeordnetenwatch.de/bundestag/20/abstimmungen/verlaengerung-des-bundes-wehreinsatzes-in-suedsudan-unmiss
5459,Keine Lieferung von Taurus-Marschflugkörpern an die Ukraine (Beschlussempfehlung),True,Auswärtiger Ausschuss,https://www.abgeordnetenwatch.de/bundestag/20/abstimmungen/keine-lieferung-von-taurus-marschflugkoerpern-an-die-ukraine-beschlussempfehlung
5421,Vermittlungs­ergebnis zum Wachstums­chancengesetz,True,,https://www.abgeordnetenwatch.de/bundestag/20/abstimmungen/vermittlungs-ergebnis-zum-wachstums-chancengesetz
5418,Cannabisgesetz,True,Gesundheitsausschuss,https://www.abgeordnetenwatch.de/bundestag/20/abstimmungen/cannabisgesetz
5414,Militärische Unterstützung für die Ukraine,True,,https://www.abgeordnetenwatch.de/bundestag/20/abstimmungen/militaerische-unterstuetzung-fuer-die-ukraine
5413,Veränderungen in der deutschen Außen- und Sicherheitspolitik erforderlich,False,,https://www.abgeordnetenwatch.de/bundestag/20/abstimmungen/veraenderungen-in-der-deutschen-aussen-und-sicherheitspolitik-erforderlich
5397,Einsatz der Bundeswehr im Roten Meer ,True,Auswärtiger Ausschuss,https://www.abgeordnetenwatch.de/bundestag/20/abstimmungen/einsatz-der-bundeswehr-im-roten-meer
5384,Haushaltsgesetz 2024,True,Haushaltsausschuss,https://www.abgeordnetenwatch.de/bundestag/20/abstimmungen/haushaltsgesetz-2024
5382,Haushalt 2024 - Etat des Bundeskanzlers,True,Haushaltsausschuss,https://www.abgeordnetenwatch.de/bundestag/20/abstimmungen/haushalt-2024-etat-des-bundeskanzlers
5381,Änderung des Bundeswahlgesetzes ,True,Ausschuss für Inneres und Heimat,https://www.abgeordnetenwatch.de/bundestag/20/abstimmungen/aenderung-des-bundeswahlgesetzes
5370,Entlastung der Landwirtschaft,False,,https://www.abgeordnetenwatch.de/bundestag/20/abstimmungen/entlastung-der-landwirtschaft
5369,Modernisierung des Staatsangehörigkeitsrechts,True,,https://www.abgeordnetenwatch.de/bundestag/20/abstimmungen/modernisierung-des-staatsangehoerigkeitsrechts
5368,Friedensinitiative für die Ukraine und Russland (Beschlussempfehlung zur Ablehnung des Antrags),True,Auswärtiger Ausschuss,https://www.abgeordnetenwatch.de/bundestag/20/abstimmungen/friedensinitiative-fuer-die-ukraine-und-russland-beschlussempfehlung-zur-ablehnung-des-antrags
5367,Lieferung von TAURUS-Marschflugkörpern an die Ukraine,False,,https://www.abgeordnetenwatch.de/bundestag/20/abstimmungen/lieferung-von-taurus-marschflugkoerpern-an-die-ukraine
5324,Änderung des Parteiengesetzes,True,Ausschuss für Inneres und Heimat,https://www.abgeordnetenwatch.de/bundestag/20/abstimmungen/aenderung-des-parteiengesetzes
5323,Artikel 115 II GG - Aussetzen der Schuldenbremse für 2023,True,Haushaltsausschuss,https://www.abgeordnetenwatch.de/bundestag/20/abstimmungen/artikel-115-ii-gg-aussetzen-der-schuldenbremse-fuer-2023
5319,Änderung des Erneuerbare-Energien-Gesetzes,True,Ausschuss für Klimaschutz und Energie,https://www.abgeordnetenwatch.de/bundestag/20/abstimmungen/aenderung-des-erneuerbare-energien-gesetzes
5315,Nachtragshaushaltsgesetz 2023,True,Haushaltsausschuss,https://www.abgeordnetenwatch.de/bundestag/20/abstimmungen/nachtragshaushaltsgesetz-2023
5302,Erweiterter Tätigkeitsbereich der Europäischen Bank für Wiederaufbau und Entwicklung,True,Finanzausschuss,https://www.abgeordnetenwatch.de/bundestag/20/abstimmungen/erweiterter-taetigkeitsbereich-der-europaeischen-bank-fuer-wiederaufbau-und-entwicklung
5295,Keine Streichung von Erbschaftssteuervergünstigungen (Beschlussempfehlung),True,Finanzausschuss,https://www.abgeordnetenwatch.de/bundestag/20/abstimmungen/keine-streichung-von-erbschaftssteuerverguenstigungen-beschlussempfehlung
5289,Kein Stopp der EU-Gebäuderichtlinie (Beschlussempfehlung),True,"Ausschuss für Wohnen, Stadtentwicklung, Bauwesen und Kommunen",https://www.abgeordnetenwatch.de/bundestag/20/abstimmungen/kein-stopp-der-eu-gebaeuderichtlinie-beschlussempfehlung
5263,Reform des Nachrichtendienstrechts,True,Ausschuss für Inneres und Heimat,https://www.abgeordnetenwatch.de/bundestag/20/abstimmungen/reform-des-nachrichtendienstrechts
5252,Videokonferenzen in der Zivil- und Fachgerichtsbarkeit,True,Rechtsausschuss,https://www.abgeordnetenwatch.de/bundestag/20/abstimmungen/videokonferenzen-in-der-zivil-und-fachgerichtsbarkeit
5251,Moldau und Georgien als sichere Herkunftsstaaten (Entschließungsantrag),False,Ausschuss für Inneres und Heimat,https://www.abgeordnetenwatch.de/bundestag/20/abstimmungen/moldau-und-georgien-als-sichere-herkunftsstaaten-entschliessungsantrag
5243,Änderung des Atomgesetzes,False,"Ausschuss für Umwelt, Naturschutz, nukleare Sicherheit und Verbraucherschutz",https://www.abgeordnetenwatch.de/bundestag/20/abstimmungen/aenderung-des-atomgesetzes
5242,Stiftungsfinanzierungsgesetz,True,Ausschuss für Inneres und Heimat,https://www.abgeordnetenwatch.de/bundestag/20/abstimmungen/stiftungsfinanzierungsgesetz
5230,Änderung des Straßenverkehrsgesetzes,True,,https://www.abgeordnetenwatch.de/bundestag/20/abstimmungen/aenderung-des-strassenverkehrsgesetzes
5217,Fortsetzung des Bundeswehreinsatzes im Irak,True,Auswärtiger Ausschuss,https://www.abgeordnetenwatch.de/bundestag/20/abstimmungen/fortsetzung-des-bundeswehreinsatzes-im-irak
5190,Ablehnung des Elf-Punkte-Plans zum Schutz der Grenzen (Beschlussempfehlung),True,Ausschuss für Inneres und Heimat,https://www.abgeordnetenwatch.de/bundestag/20/abstimmungen/ablehnung-des-elf-punkte-plans-zum-schutz-der-grenzen-beschlussempfehlung
5182,Umsatzsteuergesetz,False,Finanzausschuss,https://www.abgeordnetenwatch.de/bundestag/20/abstimmungen/umsatzsteuergesetz
5181,Änderungsantrag zum Energieeffizienzgesetz ,False,Ausschuss für Klimaschutz und Energie,https://www.abgeordnetenwatch.de/bundestag/20/abstimmungen/aenderungsantrag-zum-energieeffizienzgesetz
5180,Rücktritt von Bundesinnenministerin Nancy Faeser,False,,https://www.abgeordnetenwatch.de/bundestag/20/abstimmungen/ruecktritt-von-bundesinnenministerin-nancy-faeser
5162,Gebäudeenergiegesetz,True,Ausschuss für Klimaschutz und Energie,https://www.abgeordnetenwatch.de/bundestag/20/abstimmungen/gebaeudeenergiegesetz
5100,Bundeswehreinsatz in Mali (MINUSMA) beenden,False,,https://www.abgeordnetenwatch.de/bundestag/20/abstimmungen/bundeswehreinsatz-in-mali-minusma-beenden
5099,Suizidprävention stärken,True,,https://www.abgeordnetenwatch.de/bundestag/20/abstimmungen/suizidpraevention-staerken
5098,Suizidhilfegesetz,False,,https://www.abgeordnetenwatch.de/bundestag/20/abstimmungen/suizidhilfegesetz
5096,Ausbau der LNG-Gas-Infrastruktur,True,Ausschuss für Klimaschutz und Energie,https://www.abgeordnetenwatch.de/bundestag/20/abstimmungen/ausbau-der-lng-gas-infrastruktur
5091,Förderung der geschäftsmäßigen Sterbehilfe grundsätzlich verbieten,False,,https://www.abgeordnetenwatch.de/bundestag/20/abstimmungen/foerderung-der-geschaeftsmaessigen-sterbehilfe-grundsaetzlich-verbieten
5069,Keine rückwirkende Besteuerung der Energiepreispauschale,False,Ausschuss für Klimaschutz und Energie,https://www.abgeordnetenwatch.de/bundestag/20/abstimmungen/keine-rueckwirkende-besteuerung-der-energiepreispauschale
5064,Verlängerung des Bundeswehreinsatzes vor der libanesischen Küste (UNIFIL),True,Auswärtiger Ausschuss,https://www.abgeordnetenwatch.de/bundestag/20/abstimmungen/verlaengerung-des-bundeswehreinsatzes-vor-der-libanesischen-kueste-unifil
5063,Beteiligung der Bundeswehr an der EU-geführten Sicherheitsoperation in Bosnien und Herzegowina (EUFOR ALTHEA),True,Auswärtiger Ausschuss,https://www.abgeordnetenwatch.de/bundestag/20/abstimmungen/beteiligung-der-bundeswehr-an-der-eu-gefuehrten-sicherheitsoperation-in-bosnien-und-herzegowina-eufor-althea-0
5061,Fachkräfteeinwanderung,True,Ausschuss für Inneres und Heimat,https://www.abgeordnetenwatch.de/bundestag/20/abstimmungen/fachkraefteeinwanderung
5059,Grenzüberschreitendes Entsenderecht im Straßenverkehr ,True,Ausschuss für Arbeit und Soziales,https://www.abgeordnetenwatch.de/bundestag/20/abstimmungen/grenzueberschreitendes-entsenderecht-im-strassenverkehr
5058,2-Prozent-Hürde zur Europawahl,True,Ausschuss für die Angelegenheiten der Europäischen Union,https://www.abgeordnetenwatch.de/bundestag/20/abstimmungen/2-prozent-huerde-zur-europawahl
5057,LINKEN-Antrag ablehnen: Europäische Asylrechtsreform durchsetzen,True,Ausschuss für Inneres und Heimat,https://www.abgeordnetenwatch.de/bundestag/20/abstimmungen/linken-antrag-ablehnen-europaeische-asylrechtsreform-durchsetzen
5047,Pflegereform,True,Gesundheitsausschuss,https://www.abgeordnetenwatch.de/bundestag/20/abstimmungen/pflegereform
5044,Letztmalige Verlängerung des Bundeswehreinsatzes in Mali (MINUSMA),True,Auswärtiger Ausschuss,https://www.abgeordnetenwatch.de/bundestag/20/abstimmungen/letztmalige-verlaengerung-des-bundeswehreinsatzes-in-mali-minusma
5043,Verlängerung des Bundeswehreinsatzes im Kosovo (KFOR),True,Auswärtiger Ausschuss,https://www.abgeordnetenwatch.de/bundestag/20/abstimmungen/verlaengerung-des-bundeswehreinsatzes-im-kosovo-kfor
5033,Stärkung und Reform der Weltgesundheitsorganisation,True,,https://www.abgeordnetenwatch.de/bundestag/20/abstimmungen/staerkung-und-reform-der-weltgesundheitsorganisation
5032,Keine sofortige Einleitung der Rückführungsoffensive ,True,Ausschuss für Inneres und Heimat,https://www.abgeordnetenwatch.de/bundestag/20/abstimmungen/keine-sofortige-einleitung-der-rueckfuehrungsoffensive
5031,Einführung von bundesweiten Volksentscheiden,False,,https://www.abgeordnetenwatch.de/bundestag/20/abstimmungen/einfuehrung-von-bundesweiten-volksentscheiden
5030,"Einsetzung des Bürgerrats ""Ernährung im Wandel""",True,,https://www.abgeordnetenwatch.de/bundestag/20/abstimmungen/einsetzung-des-buergerrats-ernaehrung-im-wandel
5011,Neuregelung der deutschen Asyl- und Flüchtlingspolitik,False,,https://www.abgeordnetenwatch.de/bundestag/20/abstimmungen/neuregelung-der-deutschen-asyl-und-fluechtlingspolitik
5007,Beteiligung der Bundeswehr in Niger (EUMPM Niger),True,Auswärtiger Ausschuss,https://www.abgeordnetenwatch.de/bundestag/20/abstimmungen/beteiligung-der-bundeswehr-in-niger-eumpm-niger
5006,Keine Bejagung von Wölfen,True,"Ausschuss für Umwelt, Naturschutz, nukleare Sicherheit und Verbraucherschutz",https://www.abgeordnetenwatch.de/bundestag/20/abstimmungen/keine-bejagung-von-woelfen
5005,Bewaffneter Streitkräfteeinsatz im Sudan,True,,https://www.abgeordnetenwatch.de/bundestag/20/abstimmungen/bewaffneter-streitkraefteeinsatz-im-sudan
4999,Bundeswehreinsatz im Mittelmeer verlängern (EUNAVFOR MED IRINI),True,Auswärtiger Ausschuss,https://www.abgeordnetenwatch.de/bundestag/20/abstimmungen/bundeswehreinsatz-im-mittelmeer-verlaengern-eunavfor-med-irini
4992,Änderung des Energiesicherungsgesetzes,True,Ausschuss für Klimaschutz und Energie,https://www.abgeordnetenwatch.de/bundestag/20/abstimmungen/aenderung-des-energiesicherungsgesetzes-0
4991,"Untersuchungsausschuss ""Bekämpfung des Corona-Virus"" nicht einsetzen",True,"Ausschuss für Wahlprüfung, Immunität und Geschäftsordnung",https://www.abgeordnetenwatch.de/bundestag/20/abstimmungen/untersuchungsausschuss-bekaempfung-des-corona-virus-nicht-einsetzen
4967,Laufzeitverlängerung der Kernkraftwerke ,False,,https://www.abgeordnetenwatch.de/bundestag/20/abstimmungen/laufzeitverlaengerung-der-kernkraftwerke
4965,Verlängerung des Bundeswehreinsatzes in Südsudan (UNMISS),True,Auswärtiger Ausschuss,https://www.abgeordnetenwatch.de/bundestag/20/abstimmungen/verlaengerung-des-bundeswehreinsatzes-in-suedsudan-unmiss
4961,Verlängerung des Bundeswehreinsatzes SEA GUARDIAN im Mittelmeer,True,Auswärtiger Ausschuss,https://www.abgeordnetenwatch.de/bundestag/20/abstimmungen/verlaengerung-des-bundeswehreinsatzes-sea-guardian-im-mittelmeer
4936,Wahlrechtsreform zur Verkleinerung des Bundestages ,True,Ausschuss für Inneres und Heimat,https://www.abgeordnetenwatch.de/bundestag/20/abstimmungen/wahlrechtsreform-zur-verkleinerung-des-bundestages
4890,Einführung einer Strompreisbremse,True,Ausschuss für Klimaschutz und Energie,https://www.abgeordnetenwatch.de/bundestag/20/abstimmungen/einfuehrung-einer-strompreisbremse
4889,Preisbremsen für leitungsgebundenes Erdgas und Wärme,True,Ausschuss für Klimaschutz und Energie,https://www.abgeordnetenwatch.de/bundestag/20/abstimmungen/preisbremsen-fuer-leitungsgebundenes-erdgas-und-waerme
4877,Jahressteuergesetz 2022,True,Finanzausschuss,https://www.abgeordnetenwatch.de/bundestag/20/abstimmungen/jahressteuergesetz-2022
4876,Chancen-Aufenthaltsrecht,True,Ausschuss für Inneres und Heimat,https://www.abgeordnetenwatch.de/bundestag/20/abstimmungen/chancen-aufenthaltsrecht
4872,Ratifizierung des CETA-Abkommens,True,Wirtschaftsausschuss,https://www.abgeordnetenwatch.de/bundestag/20/abstimmungen/ratifizierung-des-ceta-abkommens
4871,Vor­gezogener Braunkohle­ausstieg im Rheinischen Revier,True,Ausschuss für Klimaschutz und Energie,https://www.abgeordnetenwatch.de/bundestag/20/abstimmungen/vor-gezogener-braunkohle-ausstieg-im-rheinischen-revier
4866,Digitale Verkündung von Bundesgesetzen und Verordnungen,True,Rechtsausschuss,https://www.abgeordnetenwatch.de/bundestag/20/abstimmungen/digitale-verkuendung-von-bundesgesetzen-und-verordnungen
4864,Einigungsvorschlag zum Bürgergeld-Gesetz,True,Ausschuss für Arbeit und Soziales,https://www.abgeordnetenwatch.de/bundestag/20/abstimmungen/einigungsvorschlag-zum-buergergeld-gesetz
4863,Etat des Bundeskanzlers und des Bundeskanzleramtes 2023,True,Haushaltsausschuss,https://www.abgeordnetenwatch.de/bundestag/20/abstimmungen/etat-des-bundeskanzlers-und-des-bundeskanzleramtes-2023
4862,Der Bundeshaushalt 2023,True,Haushaltsausschuss,https://www.abgeordnetenwatch.de/bundestag/20/abstimmungen/der-bundeshaushalt-2023
4861,Änderung des Energiesicherungsgesetzes,True,Ausschuss für Klimaschutz und Energie,https://www.abgeordnetenwatch.de/bundestag/20/abstimmungen/aenderung-des-energiesicherungsgesetzes
4832,Änderung des Infektionsschutzgesetzes (Triage-Entscheidungen),True,Gesundheitsausschuss,https://www.abgeordnetenwatch.de/bundestag/20/abstimmungen/aenderung-des-infektionsschutzgesetzes-triage-entscheidungen
4831,Inflationsausgleichsgesetz,True,Finanzausschuss,https://www.abgeordnetenwatch.de/bundestag/20/abstimmungen/inflationsausgleichsgesetz
4830,Vermögensabgabe für Milliardär:innen und Multimillionär:innen (Antrag),False,,https://www.abgeordnetenwatch.de/bundestag/20/abstimmungen/vermoegensabgabe-fuer-milliardaerinnen-und-multimillionaerinnen-antrag
4828,Weiterbetrieb deutscher Atomkraftwerke bis zum 15. April 2023,True,"Ausschuss für Umwelt, Naturschutz, nukleare Sicherheit und Verbraucherschutz",https://www.abgeordnetenwatch.de/bundestag/20/abstimmungen/weiterbetrieb-deutscher-atomkraftwerke-bis-zum-15-april-2023
4827,Wahlwiederholung der Bundestagswahl in 431 Berliner Wahlbezirken,True,"Ausschuss für Wahlprüfung, Immunität und Geschäftsordnung",https://www.abgeordnetenwatch.de/bundestag/20/abstimmungen/wahlwiederholung-der-bundestagswahl-in-431-berliner-wahlbezirken
4826,Einführung des Bürgergeldes,True,Haushaltsausschuss,https://www.abgeordnetenwatch.de/bundestag/20/abstimmungen/einfuehrung-des-buergergeldes
4808,Änderung des Bundeszentralregistergesetzes,True,Rechtsausschuss,https://www.abgeordnetenwatch.de/bundestag/20/abstimmungen/aenderung-des-bundeszentralregistergesetzes
4805,Entschließungsantrag DIE LINKE: Finanz­reform der gesetzlichen Krankenversicherung,False,Gesundheitsausschuss,https://www.abgeordnetenwatch.de/bundestag/20/abstimmungen/entschliessungsantrag-die-linke-finanz-reform-der-gesetzlichen-krankenversicherung
4804,Verlängerung des Bundeswehreinsatzes im Irak (2023),True,Auswärtiger Ausschuss,https://www.abgeordnetenwatch.de/bundestag/20/abstimmungen/verlaengerung-des-bundeswehreinsatzes-im-irak-2023
4803,Abwehrschirm gegen gestiegene Strom- und Gaspreise,True,,https://www.abgeordnetenwatch.de/bundestag/20/abstimmungen/abwehrschirm-gegen-gestiegene-strom-und-gaspreise
4798,Verbot von Strom- und Gassperren,True,Ausschuss für Klimaschutz und Energie,https://www.abgeordnetenwatch.de/bundestag/20/abstimmungen/verbot-von-strom-und-gassperren
4776,Wiedereinsetzung des Stabilitäts- und Wachstumspaktes auf EU-Ebene,False,,https://www.abgeordnetenwatch.de/bundestag/20/abstimmungen/wiedereinsetzung-des-stabilitaets-und-wachstumspaktes-auf-eu-ebene
4773,Beschlussempfehlung gegen Entschließungsantrag zu Waffenlieferungen an die Ukraine,True,Wirtschaftsausschuss,https://www.abgeordnetenwatch.de/bundestag/20/abstimmungen/beschlussempfehlung-gegen-entschliessungsantrag-zu-waffenlieferungen-an-die-ukraine
4770,Aufhebung der Gaspreisanpassungsverordnung (Entschließungsantrag),False,Finanzausschuss,https://www.abgeordnetenwatch.de/bundestag/20/abstimmungen/aufhebung-der-gaspreisanpassungsverordnung-entschliessungsantrag
4768,Entschließungsantrag gegen Abschöpfung von Krisengewinnen,True,Finanzausschuss,https://www.abgeordnetenwatch.de/bundestag/20/abstimmungen/entschliessungsantrag-gegen-abschoepfung-von-krisengewinnen
4767,Weiterbetrieb von Kernkraftwerken (Änderungsantrag),False,"Ausschuss für Umwelt, Naturschutz, nukleare Sicherheit und Verbraucherschutz",https://www.abgeordnetenwatch.de/bundestag/20/abstimmungen/weiterbetrieb-von-kernkraftwerken-aenderungsantrag
4719,Stärkung des Schutzes der Bevölkerung vor COVID-19,True,Gesundheitsausschuss,https://www.abgeordnetenwatch.de/bundestag/20/abstimmungen/staerkung-des-schutzes-der-bevoelkerung-vor-covid-19
4674,Beschleunigter Ausbau erneuerbarer Energien (Beschlussempfehlung),True,Ausschuss für Klimaschutz und Energie,https://www.abgeordnetenwatch.de/bundestag/20/abstimmungen/beschleunigter-ausbau-erneuerbarer-energien-beschlussempfehlung
4673,Änderung des Windenergie-auf-See-Gesetzes,True,Ausschuss für Klimaschutz und Energie,https://www.abgeordnetenwatch.de/bundestag/20/abstimmungen/aenderung-des-windenergie-auf-see-gesetzes
4668,Ausbau von Windenergieanlagen an Land erhöhen und beschleunigen,True,Ausschuss für Klimaschutz und Energie,https://www.abgeordnetenwatch.de/bundestag/20/abstimmungen/ausbau-von-windenergieanlagen-an-land-erhoehen-und-beschleunigen
4667,Bereithaltung von Ersatzkraftwerken (Änderungsantrag CDU/CSU-Fraktion),False,Ausschuss für Klimaschutz und Energie,https://www.abgeordnetenwatch.de/bundestag/20/abstimmungen/bereithaltung-von-ersatzkraftwerken-aenderungsantrag-cdu/csu-fraktion
4666,Änderung des Bundesnaturschutzgesetzes,True,"Ausschuss für Umwelt, Naturschutz, nukleare Sicherheit und Verbraucherschutz",https://www.abgeordnetenwatch.de/bundestag/20/abstimmungen/aenderung-des-bundesnaturschutzgesetzes
4663,Schnellerer Ausbau erneuerbarer Energien,True,Ausschuss für Klimaschutz und Energie,https://www.abgeordnetenwatch.de/bundestag/20/abstimmungen/schnellerer-ausbau-erneuerbarer-energien
4661,Bundeswehrbeschaffungsbeschleunigungsgesetz (Entschließungsantrag CDU/CSU-Fraktion),False,Wirtschaftsausschuss,https://www.abgeordnetenwatch.de/bundestag/20/abstimmungen/bundeswehrbeschaffungsbeschleunigungsgesetz-entschliessungsantrag-cdu/csu-fraktion
4657,Beteiligung der Bundeswehr an der EU-geführten Sicherheitsoperation in Bosnien und Herzegowina (EUFOR ALTHEA),True,Auswärtiger Ausschuss,https://www.abgeordnetenwatch.de/bundestag/20/abstimmungen/beteiligung-der-bundeswehr-an-der-eu-gefuehrten-sicherheitsoperation-in-bosnien-und-herzegowina-eufor-althea
4655,Verlängerung des Bundeswehreinsatzes im Kosovo (KFOR 2022/2023),True,Auswärtiger Ausschuss,https://www.abgeordnetenwatch.de/bundestag/20/abstimmungen/verlaengerung-des-bundeswehreinsatzes-im-kosovo-kfor-2022/2023
4649,Beteiligung deutscher Streitkräfte an UNIFIL,True,Auswärtiger Ausschuss,https://www.abgeordnetenwatch.de/bundestag/20/abstimmungen/beteiligung-deutscher-streitkraefte-an-unifil
4646,Sondervermögen Bundeswehr,True,,https://www.abgeordnetenwatch.de/bundestag/20/abstimmungen/sondervermoegen-bundeswehr
4645,Grundgesetzänderung (Artikel 87a),True,Haushaltsausschuss,https://www.abgeordnetenwatch.de/bundestag/20/abstimmungen/grundgesetzaenderung-artikel-87a
4643,"AfD-Antrag zum ""Sondervermögen Bundeswehr""",False,Haushaltsausschuss,https://www.abgeordnetenwatch.de/bundestag/20/abstimmungen/afd-antrag-zum-sondervermoegen-bundeswehr
4637,Anhebung des Mindestlohns für Minijobs ,True,Ausschuss für Arbeit und Soziales,https://www.abgeordnetenwatch.de/bundestag/20/abstimmungen/anhebung-des-mindestlohns-fuer-minijobs
4614,Schuldentilgung der Haushaltsjahre 2020-2022,True,,https://www.abgeordnetenwatch.de/bundestag/20/abstimmungen/schuldentilgung-der-haushaltsjahre-2020-2022
4613, Bundeshaushaltsplan für das Haushaltsjahr 2022 (Haushaltsgesetz),True,Haushaltsausschuss,https://www.abgeordnetenwatch.de/bundestag/20/abstimmungen/bundeshaushaltsplan-fuer-das-haushaltsjahr-2022-haushaltsgesetz
4612,Etat des Bundeskanzlers und des Bundeskanzleramtes 2022,True,Haushaltsausschuss,https://www.abgeordnetenwatch.de/bundestag/20/abstimmungen/etat-des-bundeskanzlers-und-des-bundeskanzleramtes-2022
4596,AfD-Antrag: Einrichtungsbezogene Impfpflicht abschaffen,False,,https://www.abgeordnetenwatch.de/bundestag/20/abstimmungen/afd-antrag-einrichtungsbezogene-impfpflicht-abschaffen
4595,CDU/CSU-Antrag: Sicherung der Nahrungsmittelversorgung der Ukraine,False,Ausschuss für Ernährung und Landwirtschaft,https://www.abgeordnetenwatch.de/bundestag/20/abstimmungen/cdu/csu-antrag-sicherung-der-nahrungsmittelversorgung-der-ukraine
4594,CDU/CSU-Antrag: Förderung der energie­effizienten Gebäude­sanierung ,False,Ausschuss für Klimaschutz und Energie,https://www.abgeordnetenwatch.de/bundestag/20/abstimmungen/cdu/csu-antrag-foerderung-der-energie-effizienten-gebaeude-sanierung
4593,Fortsetzung des Bundeswehreinsatzes im Sahel mit Schwerpunkt Niger (EUTM Mali 2022/2023),True,Auswärtiger Ausschuss,https://www.abgeordnetenwatch.de/bundestag/20/abstimmungen/fortsetzung-des-bundeswehreinsatzes-im-sahel-mit-schwerpunkt-niger-eutm-mali-2022/2023
4592,Verlängerung des Bundeswehreinsatzes in Mali (MINUSMA 2022/2023),True,Auswärtiger Ausschuss,https://www.abgeordnetenwatch.de/bundestag/20/abstimmungen/verlaengerung-des-bundeswehreinsatzes-in-mali-minusma-2022/2023
4570,Umfassende Unterstützung für die Ukraine ,True,,https://www.abgeordnetenwatch.de/bundestag/20/abstimmungen/umfassende-unterstuetzung-fuer-die-ukraine
4568,Verlängerung des Bundeswehreinsatzes im Mittelmeer (Operation EUNAVFOR MED IRINI),True,Auswärtiger Ausschuss,https://www.abgeordnetenwatch.de/bundestag/20/abstimmungen/verlaengerung-des-bundeswehreinsatzes-im-mittelmeer-operation-eunavfor-med-irini
4542,AfD-Antrag: Keine Impfpflicht gegen COVID-19,False,,https://www.abgeordnetenwatch.de/bundestag/20/abstimmungen/afd-antrag-keine-impfpflicht-gegen-covid-19
4541,Impfbereitschaft ohne allgemeine Impfpflicht erhöhen,False,,https://www.abgeordnetenwatch.de/bundestag/20/abstimmungen/impfbereitschaft-ohne-allgemeine-impfpflicht-erhoehen
4540,CDU/CSU-Antrag: Impfvorsorgegesetz,False,,https://www.abgeordnetenwatch.de/bundestag/20/abstimmungen/cdu/csu-antrag-impfvorsorgegesetz
4539,Impfpflicht ab 60,False,Gesundheitsausschuss,https://www.abgeordnetenwatch.de/bundestag/20/abstimmungen/impfpflicht-ab-60
4517,Verlängerung der Bundeswehrbeteiligung an NATO-Operation SEA GUARDIAN im Mittelmeer (2022/23),True,,https://www.abgeordnetenwatch.de/bundestag/20/abstimmungen/verlaengerung-der-bundeswehrbeteiligung-an-nato-operation-sea-guardian-im-mittelmeer-2022/23
4516,Verlängerung des Bundeswehreinsatzes im Südsudan (UNMISS 2022/23),True,,https://www.abgeordnetenwatch.de/bundestag/20/abstimmungen/verlaengerung-des-bundeswehreinsatzes-im-suedsudan-unmiss-2022/23
4515,Änderung des Infektionsschutzgesetzes (Ende weitreichender Corona-Maßnahmen),True,,https://www.abgeordnetenwatch.de/bundestag/20/abstimmungen/aenderung-des-infektionsschutzgesetzes-ende-weitreichender-corona-massnahmen
4514,CDU/CSU-Antrag: Sicherung einer bezahlbaren und souveränen Energieversorgung,False,,https://www.abgeordnetenwatch.de/bundestag/20/abstimmungen/cdu/csu-antrag-sicherung-einer-bezahlbaren-und-souveraenen-energieversorgung
4449,Ausnahme von der „Schuldenbremse“,True,Haushaltsausschuss,https://www.abgeordnetenwatch.de/bundestag/20/abstimmungen/ausnahme-von-der-schuldenbremse
4447,Fortsetzung des Einsatzes der Bundeswehr im Irak,True,,https://www.abgeordnetenwatch.de/bundestag/20/abstimmungen/fortsetzung-des-einsatzes-der-bundeswehr-im-irak
4446,Zweiter Nachtrag zum Bundeshaushalt 2021,True,Haushaltsausschuss,https://www.abgeordnetenwatch.de/bundestag/20/abstimmungen/zweiter-nachtrag-zum-bundeshaushalt-2021
4388,DIE LINKE-Antrag: Prämie für Beschäftigte im Gesundheits- und Pflegesystem,False,,https://www.abgeordnetenwatch.de/bundestag/20/abstimmungen/die-linke-antrag-praemie-fuer-beschaeftigte-im-gesundheits-und-pflegesystem
4386,Impfpflicht für bestimmte Berufsgruppen und weitere Änderungen im Infektionsschutzgesetz,True,Hauptausschuss,https://www.abgeordnetenwatch.de/bundestag/20/abstimmungen/impfpflicht-fuer-bestimmte-berufsgruppen-und-weitere-aenderungen-im-infektionsschutzgesetz
4372,CDU/CSU-Antrag: Verlängerung der epidemischen Lage nationaler Tragweite,False,,https://www.abgeordnetenwatch.de/bundestag/20/abstimmungen/cdu/csu-antrag-verlaengerung-der-epidemischen-lage-nationaler-tragweite
4370,Änderung des Infektionsschutzgesetzes (Ende der epidemischen Lage),True,Hauptausschuss,https://www.abgeordnetenwatch.de/bundestag/20/abstimmungen/aenderung-des-infektionsschutzgesetzes-ende-der-epidemischen-lage
